{
  "timestamp": "20250723_143630",
  "test_accuracy": 0.4632129669189453,
  "test_loss": 22.14537811279297,
  "best_threshold": 0.1,
  "f1_scores": {
    "BUY": 0.0,
    "SELL": 0.6331449824762178,
    "NO_TRADE": 0.0
  },
  "threshold_performance": {
    "0.1": {
      "num_predictions": 19110,
      "accuracy": 0.4632129774986918,
      "f1_score": 0.29328097252116586,
      "coverage": 1.0
    },
    "0.3": {
      "num_predictions": 19110,
      "accuracy": 0.4632129774986918,
      "f1_score": 0.29328097252116586,
      "coverage": 1.0
    },
    "0.5": {
      "num_predictions": 19110,
      "accuracy": 0.4632129774986918,
      "f1_score": 0.29328097252116586,
      "coverage": 1.0
    },
    "0.7": {
      "num_predictions": 19110,
      "accuracy": 0.4632129774986918,
      "f1_score": 0.29328097252116586,
      "coverage": 1.0
    },
    "0.8": {
      "num_predictions": 19110,
      "accuracy": 0.4632129774986918,
      "f1_score": 0.29328097252116586,
      "coverage": 1.0
    },
    "0.9": {
      "num_predictions": 19110,
      "accuracy": 0.4632129774986918,
      "f1_score": 0.29328097252116586,
      "coverage": 1.0
    }
  },
  "model_path": null,
  "memory_usage_mb": 7212.5390625
}